Empresa,ecopetrol sa,mansarovar energy colombia ltd,occidental de colombia inc,parex resources colombia,lewis energy colombia,union temporal omega energy,cepsa colombia sa cepcolsa,equion energia ltd,perenco colombia limited,colombia energy development,dcx sas,hocol sa,emerald energy de colombia plc,petroleos sudamericanos,frontera energy,verano energy (barbados) limited,new granada energy co,canacol energy colombia sas,cne oil and gas sas,grupo c&c energia (barbados) sucursal colombia,interoil colombia exploration and production,las quinchas resource corp,oiru corporation,vetra exploracion y produccion colombia sas,geopark colombia pn sa,pacific stratus energy,tabasco oil company,gran tierra energy colombia ltd,petroleos del norte sa,union temporal midas,conocophillips colombia ventures limited,geoproduction oil & gas company,cinco ranch petroleum colombia inc sucursal colombia,ongc videsh limited,tecpetrol colombia sas,bc exploracion y produccion de hidrocarburos sl,hupecol llc,iberoamericana de hidrocarburos cq exploracion y produccion sas,wattle petroleum company sas,amerisur exploracion colombia,gas petroleo y derivados de colombia sas petrocolombia sas,petrosantander (colombia) inc,kappa resources colombia ltd,ecopetrol,sogomy energy,ecopetrol llanos,meta petroleum,alange energy,petrominerales colombia ltd,nikoil energy corp,cepsa colombia sa,p1 energy delta corp,well logging,petrotesting colombia sa,santa maria petroleum inc,sipetrol sa,union temporal moriche ( pacific stratus energy),exxon mobil,petropuli ltda,union temporal ii&b,compañia operadora petrocolombia sas copp,consorcio campos de produccion,turkish petroleum international company,maurel & prom colombia bv,panatlantic colombia ltd sucursal en colombia,ingenieria construcciones y equipos conequipos ing sas,comtrol colombia sa,omniaenergy inc sucursal colombia en reorganizacion,carrao energy sa sucursal colomiba,lagosur petroleum colombia inc sucursal colombia,tpl colombia ltd sucursal colombia,invepetrol limited colombia,petroleos colombianos sa,"suelopetrol, ca sucursal colombia",c&c energia,cepcolsa,petrobras colombia limited,union temporal mocan sas,petrolifera,omega energy colombia,drilling and workover services ltda,clean energy resources sa,mompos oil company inc,union temporal petrocaribe sa,nct energy group,copp sa,petrolco sa,union temporal moriche (pacific stratus energy),union temporal ijp,ut mocam
Enero_2013,365329.3548387097,36771.645161290326,69708.41935483871,14998.580645161292,807.9677419354839,1780.322580645161,0,42165.93548387097,18169.290322580648,1429.225806451613,0,22081.677419354837,7348.225806451612,0,0,0,277002.12903225806,9796.677419354837,0,0,2121.838709677419,0,0,14796.935483870966,5538.903225806453,3763.0,0.0,23575.709677419352,1936.3548387096778,34.09677419354838,0,0.0,0,0.0,957.741935483871,0,1721.2903225806444,0,0,2605.290322580645,0,3536.5806451612907,0,0,273.741935483871,0,0,6188.0,17570.0,0,0,1590.032258064516,2.387096774193548,0,0,0,0,0,0,494.3548387096774,0,48.38709677419355,0,1146.6129032258066,0,0,0,0,0,0,0,0,0,0,11896.516129032256,21583.064516129038,24681.612903225803,11.67741935483871,0.0,0.0,80.54838709677419,464.5806451612903,20.32258064516129,707.6129032258066,474.483870967742,20.806451612903224,18.80645161290322,0.0,66.45161290322581,0
Febrero_2013,371357.0,36981.49999999999,45870.82142857144,16291.535714285714,865.6428571428571,1706.607142857143,0,40779.89285714286,17467.14285714286,1439.7857142857142,0,21278.178571428565,7047.214285714285,0,0,0,274808.5714285714,10748.285714285716,0,0,2160.8214285714294,0,0,14575.5,5191.785714285715,3489.6785714285716,0.0,24686.642857142855,1919.5,30.10714285714286,0,0.0,0,0.0,843.5714285714286,0,1778.4642857142858,0,0,4104.25,0,3570.8571428571427,0,0,725.2857142857142,0,0,7529.178571428572,17188.678571428572,0,0,1345.642857142857,1.5,0,0,0,0,0,0,377.5357142857143,0,57.67857142857144,0,1049.6428571428573,0,0,0,0,0,0,0,0,0,0,11953.714285714286,21923.214285714283,24691.42857142857,9.535714285714286,0.0,0.0,72.71428571428571,330.25,21.39285714285714,654.2142857142858,425.9285714285714,20.85714285714286,18.67857142857143,0.0,65.0,0
Marzo_2013,366871.2580645162,38727.967741935485,64380.83870967742,15553.580645161292,932.4193548387096,1644.7741935483868,0,42502.93548387097,17791.03225806451,1378.3870967741934,0,20912.129032258064,5543.516129032258,0,0,0,276613.6129032258,11494.612903225805,0,0,2169.548387096774,0,0,12897.774193548386,6481.419354838711,3217.5483870967746,40.64516129032258,25438.322580645163,1791.8064516129036,28.87096774193548,0,0.0,0,0.0,906.258064516129,0,2013.8387096774197,0,0,4016.6129032258063,0,3501.6451612903215,0,0,1065.483870967742,0,0,7519.129032258065,16316.483870967742,0,0,1091.903225806452,1.290322580645161,0,0,0,0,0,0,340.0,0,52.35483870967742,0,1056.7741935483875,0,0,0,0,0,0,0,0,0,0,11654.387096774193,21819.225806451614,23186.064516129034,11.03225806451613,0.0,0.0,74.3225806451613,486.6774193548387,20.64516129032258,633.6451612903227,388.5483870967742,20.03225806451613,17.93548387096774,0.0,65.09677419354838,0
Abril_2013,350260.26666666666,39013.66666666667,73185.40000000002,15449.433333333332,1480.6000000000001,1588.8,0,41144.33333333333,17371.0,1222.2333333333333,0,20824.233333333326,7952.4333333333325,0,0,0,278344.1,10014.9,0,0,2037.5000000000002,0,0,15645.6,7017.766666666666,3232.733333333333,11.46666666666667,24656.766666666663,1799.4,27.2,0,0.0,0,18.0,740.4333333333334,0,1872.0999999999995,0,0,4203.433333333333,0,3530.5333333333338,0,0,938.4666666666667,0,0,8557.733333333335,16355.466666666669,0,0,2770.9000000000005,3.066666666666667,0,0,0,0,0,0,435.7666666666667,0,47.3,0,1112.2000000000003,0,0,0,0,0,0,0,0,0,0,11826.4,21851.433333333334,23080.766666666674,10.96666666666667,0.0,0.0,68.73333333333333,475.7333333333333,24.16666666666667,676.4333333333333,353.7,20.3,17.56666666666667,52.83333333333333,62.16666666666666,0
Mayo_2013,355926.1935483871,38163.3870967742,72298.80645161291,16031.129032258063,1349.0645161290322,1540.4193548387093,0,38688.32258064517,16608.774193548386,1120.774193548387,0,21098.677419354837,7002.774193548386,0,0,0,279714.129032258,10730.645161290324,0,0,2064.741935483871,0,0,18329.709677419356,7038.064516129032,3737.4516129032263,50.87096774193548,24856.774193548383,1820.612903225806,20.09677419354839,0,0.0,0,0.0,617.5806451612904,0,2357.41935483871,0,0,4208.741935483871,0,3516.935483870967,0,0,1063.9032258064517,0,0,9385.322580645163,16489.129032258064,0,0,3325.4516129032254,1.419354838709677,0,0,0,0,0,0,363.80645161290323,0,48.90322580645162,0,1145.1935483870968,0,0,0,0,0,0,0,0,0,0,11730.67741935484,22413.516129032258,22110.903225806458,10.48387096774194,8.677419354838708,6.064516129032258,72.64516129032258,415.6451612903226,25.03225806451613,557.7096774193548,317.7741935483871,20.19354838709678,15.61290322580645,78.70967741935483,64.38709677419355,0
Junio_2013,355329.26666666666,37163.26666666667,29854.93333333333,17248.466666666664,1310.1666666666665,1560.1000000000004,0,41852.36666666667,16342.466666666667,1209.3333333333333,0,20407.9,7653.833333333334,0,0,0,279693.6,10578.766666666666,0,0,2117.2666666666664,0,0,16669.9,8203.400000000001,3410.333333333333,59.86666666666667,25724.03333333334,1601.7333333333336,17.56666666666667,0,0.0,0,1.533333333333333,606.0333333333333,0,2597.0666666666666,0,0,3200.3,0,3516.733333333333,0,0,1151.833333333333,0,0,9288.099999999999,16977.966666666664,0,0,2930.1666666666665,2.566666666666667,0,0,0,0,0,0,124.4666666666667,0,48.63333333333334,0,1185.9,0,0,0,0,0,0,0,0,0,0,12888.333333333334,22581.56666666667,21784.633333333328,10.9,11.2,0.0,74.4,263.4,19.7,558.1,293.8333333333333,18.2,12.13333333333333,3.6333333333333337,64.53333333333333,0
Julio_2013,363039.0,36632.51612903226,63584.61290322581,16487.32258064516,1328.6451612903224,1489.451612903226,0,39003.806451612894,16497.032258064515,826.3870967741935,0,19948.322580645156,7094.838709677419,0,0,0,279247.87096774194,10842.290322580646,0,0,2136.7419354838707,0,0,16982.25806451613,10161.999999999998,3600.5161290322576,118.6774193548387,26560.096774193546,1711.3870967741943,310.9032258064516,0,0.0,0,0.0,1074.5483870967741,0,2683.4193548387098,0,0,6394.451612903225,0,3572.8387096774195,0,0,1215.9032258064512,0,0,9121.354838709678,18849.193548387095,0,0,2044.4516129032254,3.096774193548387,0,0,0,0,0,0,53.41935483870968,0,45.51612903225806,0,1095.354838709678,0,0,0,0,0,0,0,0,0,0,13377.387096774193,22673.548387096773,21883.354838709678,11.06451612903226,1.516129032258065,0.0,47.0,0.0,4.451612903225806,577.6451612903227,272.6129032258065,18.90322580645161,18.35483870967742,0.0,64.74193548387096,0
Agosto_2013,371041.1612903226,37252.32258064517,72364.45161290324,17176.903225806454,1203.0,1422.2258064516125,0,37326.54838709677,16690.354838709674,1070.225806451613,0,20912.87096774194,5912.677419354838,0,0,0,282601.064516129,9866.838709677419,0,0,2325.9032258064517,0,0,12802.0,8792.806451612902,3615.548387096774,18.48387096774194,25741.67741935484,1686.451612903226,87.9032258064516,0,0.0,0,0.0,1605.548387096774,0,4561.612903225807,0,0,4477.419354838709,0,3575.9354838709683,0,0,1393.935483870968,0,0,8433.483870967742,19911.322580645163,0,0,1283.9354838709678,1.387096774193548,0,0,0,0,0,0,223.80645161290323,0,44.54838709677419,0,1112.677419354838,0,0,0,0,0,0,0,0,0,0,13292.225806451614,21615.032258064515,20871.35483870968,10.2258064516129,0.0,0.0,0.0,1.225806451612903,27.06451612903226,673.483870967742,258.1612903225807,18.03225806451613,17.16129032258064,0.0,60.64516129032258,0
Septiembre_2013,352020.43333333335,38723.933333333334,61698.29999999999,18285.233333333337,1270.1666666666665,1264.7333333333336,0,37836.299999999996,16724.833333333332,1036.1,0,21339.766666666663,3367.8333333333335,0,0,0,278634.4,9611.0,0,0,2401.8333333333326,0,0,12822.033333333333,9563.5,3594.8333333333335,0.0,24084.06666666666,1572.7333333333336,1424.6999999999996,0,0.0,0,0.0,2065.6666666666665,0,5571.499999999999,0,0,3874.866666666667,0,3535.0,0,0,1339.9666666666667,0,0,9319.833333333334,18544.0,0,0,1453.0333333333333,1.033333333333333,0,0,0,0,0,0,37.93333333333333,0,50.43333333333333,0,1065.1333333333332,0,0,0,0,0,0,0,0,0,0,12842.5,21949.033333333333,19956.26666666667,9.466666666666667,0.0,0.0,0.0,38.56666666666667,22.2,490.1,243.6333333333333,18.66666666666667,16.5,0.0,58.63333333333333,0
Octubre_2013,351465.3225806452,39193.258064516136,38017.096774193546,18578.54838709678,1508.967741935484,895.7096774193549,0,36885.419354838705,19065.612903225807,1026.4193548387098,0,21198.70967741936,5121.419354838709,0,0,0,275373.4193548387,10513.774193548388,0,0,2247.6774193548385,0,0,17822.838709677417,10642.451612903225,3710.870967741935,0.0,24481.612903225803,1543.3548387096778,2464.2580645161293,0,0.0,0,0.0,2021.4193548387098,0,5563.129032258064,0,0,6589.838709677419,0,3711.58064516129,0,0,1382.6129032258068,0,0,9255.290322580644,19389.12903225807,0,0,1047.032258064516,3.032258064516129,0,0,0,0,0,0,7.741935483870968,0,46.90322580645161,0,913.4193548387098,0,0,0,0,0,0,0,0,0,0,13001.516129032258,21771.999999999996,18795.516129032254,10.80645161290323,0.0,0.0,0.0,0.0,13.70967741935484,609.8387096774194,230.0645161290323,17.64516129032258,14.96774193548387,52.41935483870967,59.06451612903226,0
Noviembre_2013,347110.56666666665,39950.9,69030.23333333334,17963.6,1810.7666666666667,1143.6333333333332,0,37893.96666666666,19438.999999999996,812.8666666666666,0,21981.3,5418.400000000001,0,0,0,273517.1666666666,10731.3,0,0,2176.3666666666663,0,0,15629.8,11216.933333333334,3674.366666666667,0.7333333333333333,24048.999999999996,1506.2333333333331,2206.0,0,0.0,0,0.0,1856.1333333333337,0,6024.799999999999,0,0,6602.5,0,3653.566666666667,0,0,1317.7666666666662,0,0,10483.066666666668,20866.5,0,0,1161.3,1.166666666666667,0,0,0,0,0,0,0.0,0,47.4,0,1022.8,0,0,0,0,0,0,0,0,0,0,12682.733333333334,22725.23333333333,17154.666666666668,9.366666666666667,0.0,0.0,0.0,0.0,20.86666666666667,755.1333333333334,222.4,17.53333333333333,13.33333333333333,98.9,63.93333333333333,0
Diciembre_2013,350264.8387096774,39457.45161290323,61015.16129032259,18059.677419354834,2555.677419354839,1090.4516129032256,0,37039.225806451606,18491.74193548387,844.2903225806452,0,22807.548387096773,5500.032258064515,0,0,0,271078.1612903226,11355.935483870968,0,0,1592.903225806452,0,0,15591.645161290322,11618.032258064517,3651.387096774193,33.09677419354838,23372.516129032258,1377.4516129032259,2005.8064516129032,0,13.03225806451613,0,0.0,1812.645161290322,0,5195.322580645162,0,0,6405.741935483871,0,3738.7741935483873,0,0,879.3870967741935,0,0,11110.161290322583,22181.25806451612,0,0,1581.967741935484,0.8709677419354839,0,0,0,0,0,0,74.38709677419355,0,48.87096774193548,0,1324.5161290322578,0,0,0,0,0,0,0,0,0,0,12875.16129032258,23804.032258064515,17747.193548387095,9.903225806451612,0.0,0.0,0.0,0.0,18.87096774193548,500.8709677419355,217.4838709677419,17.19354838709678,11.90322580645161,109.64516129032263,60.51612903225806,0
Enero_2014,0,6637.612903225807,50668.032258064515,1192.9354838709678,0,53.38709677419355,0.0,0,1420.9354838709678,142.09677419354838,0,0,549.2903225806451,0,0,0,0,0,0,1270.032258064516,167.8064516129032,0,0,0,0.0,1316.161290322581,25.83870967741936,0,1485.096774193548,0,0,0,0,0,1627.032258064516,0,0,0,0,0,0,0,1127.7096774193549,23030.709677419352,56.29032258064516,98.3225806451613,3053.806451612903,299.6774193548387,3196.83870967742,903.7741935483871,0,872.0322580645161,0,0,0,0,0,0,0,47.64516129032258,0,0,0,0,0,0,0,0,0,0,0,0,0,0,0,0,230.258064516129,0,0.0,0,0,0,0,0,0,0,0,0,0,9.03225806451613
Febrero_2014,0,5847.214285714285,50728.46428571429,1325.8214285714284,0,52.75,0.0,0,1377.4285714285713,147.53571428571428,0,0,726.5357142857143,0,0,0,0,0,0,2007.7142857142853,163.99999999999997,0,0,0,0.0,1281.392857142857,31.75,0,354.5714285714286,0,0,0,0,0,1860.857142857143,0,0,0,0,0,0,0,1141.3571428571427,19282.678571428572,69.39285714285714,260.4642857142857,3104.321428571428,263.2857142857143,2806.964285714286,898.7857142857143,0,763.6785714285714,0,0,0,0,0,0,0,98.46428571428571,0,0,0,0,0,0,0,0,0,0,0,0,0,0,0,0,292.5714285714286,0,1.428571428571429,0,0,0,0,0,0,0,0,0,0,11.0
Marzo_2014,0,5845.967741935484,28937.451612903227,1279.8709677419356,0,51.87096774193548,0.0,0,1207.3225806451615,141.16129032258064,0,0,931.2903225806452,0,0,0,0,0,0,1540.2903225806458,179.48387096774195,0,0,0,329.1935483870968,1273.870967741935,284.2903225806452,0,1511.838709677419,0,0,0,0,0,1831.935483870968,0,0,0,0,0,0,0,1122.1935483870973,24994.451612903227,88.48387096774194,429.2258064516129,3311.129032258064,224.7741935483871,2629.2258064516127,889.0,0,602.9677419354839,0,0,0,0,0,0,0,116.8709677419355,0,0,0,0,0,0,0,0,0,0,0,0,0,0,0,0,327.7741935483871,0,1.548387096774194,0,0,0,0,0,0,0,0,0,0,10.90322580645161
Abril_2014,0,5952.033333333334,670.7333333333333,2424.5333333333333,0,51.73333333333333,0.0,0,1224.6666666666665,139.89999999999998,0,0,990.8,0,0,0,0,0,0,1602.333333333333,173.30000000000004,0,0,0,678.5,1240.733333333333,155.9,0,2401.3,0,0,0,0,0,1548.1,0,0,0,0,0,0,0,1145.9333333333332,24276.13333333333,78.6,417.3666666666667,3549.766666666667,217.1333333333333,1899.8666666666666,878.2333333333333,0,550.2,0,0,0,0,0,0,0,113.1333333333333,0,0,0,0,0,0,0,0,0,0,0,0,0,0,0,0,325.2,0,4.633333333333334,0,0,0,0,0,0,0,0,0,0,10.83333333333333
Mayo_2014,0,5618.967741935484,7422.967741935485,2064.8064516129025,0,50.61290322580645,8.903225806451612,0,1593.4838709677417,138.1290322580645,0,0,939.9677419354839,0,0,0,0,0,0,1448.1290322580642,160.0,0,0,0,539.0645161290323,1248.774193548387,159.3225806451613,0,2502.741935483871,0,0,0,0,0,1400.0,0,0,0,0,0,0,0,1105.7741935483873,24746.806451612905,74.0,420.8064516129032,3344.58064516129,220.4838709677419,2667.9354838709673,882.9677419354839,0,463.5483870967742,0,0,0,0,0,0,0,29.83870967741936,0,0,0,0,0,0,0,0,0,0,0,0,0,0,0,0,453.9354838709677,0,6.838709677419355,0,0,0,0,0,0,0,0,0,0,11.03225806451613
Junio_2014,0,5356.266666666666,51276.333333333336,1422.7,0,48.53333333333333,0.0,0,1997.1999999999998,129.93333333333334,0,0,1093.0666666666666,0,0,0,0,0,0,1393.4,158.23333333333335,0,0,0,399.9,1208.466666666667,153.5,0,2476.633333333333,0,0,0,0,0,1221.566666666667,0,0,0,0,0,0,0,1061.5333333333338,22601.63333333334,125.0333333333333,417.5666666666667,3415.966666666667,147.9666666666667,3105.9333333333334,900.9,0,510.20000000000005,0,0,0,0,0,0,0,57.36666666666667,0,0,0,0,0,0,0,0,0,0,0,0,0,0,0,0,0.0,0,2.566666666666667,0,0,0,0,0,0,0,0,0,0,10.33333333333333
Julio_2014,0,6123.903225806452,33778.645161290326,1995.6129032258068,0,47.87096774193548,0.0,0,1660.838709677419,122.25806451612902,0,0,1019.258064516129,0,0,0,0,0,0,1315.4516129032259,152.00000000000006,0,0,0,419.516129032258,1083.58064516129,131.8387096774194,0,2290.483870967742,0,0,0,0,0,1094.903225806452,0,0,0,0,0,0,0,1046.2580645161295,23127.548387096773,109.9677419354839,402.8387096774193,2692.967741935484,151.4516129032258,3928.935483870967,884.0,0,360.22580645161287,0,0,0,0,0,0,0,80.41935483870968,0,0,0,0,0,0,0,0,0,0,0,0,0,0,0,0,0.0,0,0.0,0,0,0,0,0,0,0,0,0,0,0.0
Agosto_2014,0,5764.193548387097,50287.70967741935,2000.58064516129,0,47.70967741935484,0.0,0,1730.4193548387095,103.90322580645162,0,0,997.5483870967741,0,0,0,0,0,0,1314.225806451613,149.09677419354836,0,0,0,388.0645161290323,1180.322580645161,114.0967741935484,0,1870.838709677419,0,0,0,0,0,998.6451612903226,0,0,0,0,0,0,0,1035.0322580645163,24697.677419354837,110.6774193548387,404.8709677419355,2328.032258064516,159.6129032258065,5899.935483870968,906.0,0,321.7741935483871,0,0,0,0,0,0,0,36.0,0,0,0,0,0,0,0,0,0,0,0,0,0,0,0,0,0.0,0,0.0,0,0,0,0,0,0,0,0,0,0,0.0
Septiembre_2014,0,5711.666666666667,47929.100000000006,2705.1333333333337,0,47.06666666666667,0.0,0,1529.8333333333335,113.43333333333334,0,0,956.8999999999999,0,0,0,0,0,0,1320.3333333333328,151.49999999999994,0,0,0,362.5333333333334,1117.9,113.6333333333333,0,2321.033333333333,0,0,0,0,0,988.6666666666666,0,0,0,0,0,0,0,1043.7666666666669,23403.03333333333,94.5,379.09999999999997,2849.2,124.3333333333333,5924.200000000001,915.5666666666667,0,257.1666666666667,0,0,0,0,0,0,0,67.76666666666667,0,0,0,0,0,0,0,0,0,0,0,0,0,0,0,0,0.0,0,0.0,0,0,0,0,0,0,0,0,0,0,0.0
Octubre_2014,0,6558.064516129032,46712.483870967735,4209.516129032258,0,46.74193548387097,0.0,0,1640.1290322580644,116.29032258064515,0,0,887.5483870967741,0,0,0,0,0,0,1182.3548387096773,145.87096774193543,0,0,0,346.7741935483871,1070.1612903225807,126.0645161290323,0,2666.225806451613,0,0,0,0,0,1112.967741935484,0,0,0,0,0,0,0,986.6129032258065,24609.064516129034,35.06451612903226,34.93548387096774,2911.258064516129,141.4516129032258,6347.5161290322585,951.4516129032259,0,266.4193548387097,0,0,0,0,0,0,0,71.93548387096774,0,0,0,0,0,0,0,0,0,0,0,0,0,0,0,0,0.0,0,0.0,0,0,0,0,0,0,0,0,0,0,0.0
Noviembre_2014,0,0.0,0.0,0.0,0,0.0,0.0,0,0.0,0.0,0,0,0.0,0,0,0,0,0,0,0.0,0.0,0,0,0,0.0,0.0,0.0,0,0.0,0,0,0,0,0,0.0,0,0,0,0,0,0,0,0.0,0.0,0.0,0.0,0.0,0.0,0.0,0.0,0,0.0,0,0,0,0,0,0,0,0.0,0,0,0,0,0,0,0,0,0,0,0,0,0,0,0,0,0.0,0,0.0,0,0,0,0,0,0,0,0,0,0,0.0
Diciembre_2014,0,0.0,0.0,0.0,0,0.0,0.0,0,0.0,0.0,0,0,0.0,0,0,0,0,0,0,0.0,0.0,0,0,0,0.0,0.0,0.0,0,0.0,0,0,0,0,0,0.0,0,0,0,0,0,0,0,0.0,0.0,0.0,0.0,0.0,0.0,0.0,0.0,0,0.0,0,0,0,0,0,0,0,0.0,0,0,0,0,0,0,0,0,0,0,0,0,0,0,0,0,0.0,0,0.0,0,0,0,0,0,0,0,0,0,0,0.0
Enero_2015,0,41678.61290322581,65236.87096774194,13311.09677419355,350.3548387096774,1696.1935483870964,0,42937.54838709677,33321.290322580644,894.0967741935485,0,19066.29032258065,7275.516129032258,1322.870967741935,0,0.0,0,3648.129032258065,3660.7096774193546,10117.0,1814.7096774193546,0,0,6546.419354838711,22446.225806451617,3132.354838709677,219.6129032258065,23174.290322580648,6922.0,0,0,1.548387096774194,36.41935483870968,0.0,1372.4193548387098,0,3846.806451612903,0,0,5592.8709677419365,0,3066.0967741935483,897.5483870967743,220681.61290322576,1046.8064516129032,169561.77419354836,225996.0642903226,12832.258064516129,26157.25806451613,7537.1935483870975,22126.677419354837,8004.290322580645,1.258064516129032,13691.58064516129,223.6129032258065,312.6451612903226,717.0645161290322,937.258064516129,191.3548387096774,367.4193548387097,56.96774193548387,22.19354838709678,0.0,1474.967741935484,0.0,0,0,0,0,0,0,0,0,0,0,0,0,0,0,0,0,0,0,0,0,0,0,0,0,0
Febrero_2015,0,41572.035714285725,65536.21428571429,20421.821428571428,8.571428571428571,1564.357142857143,0,41715.0,32962.5,777.5714285714286,0,18726.214285714286,6553.142857142857,1300.7142857142853,0,0.0,0,3434.464285714286,2976.035714285714,9229.892857142857,1969.2857142857142,0,0,6601.499999999999,22355.321428571428,2817.8928571428573,0.0,22734.428571428576,6893.357142857143,0,0,1.785714285714286,36.17857142857143,0.0,1404.3214285714284,0,4023.928571428572,0,0,4288.214285714286,0,2117.8928571428573,837.9285714285713,221662.6071428571,747.75,170522.67857142855,224621.53142857147,12542.92857142857,29753.53571428571,6365.571428571428,23080.25,0.0,0.4285714285714285,13297.035714285716,309.8214285714286,308.4642857142857,753.8928571428571,781.2142857142857,200.5357142857143,357.9285714285714,58.71428571428572,22.857142857142854,0.0,1513.107142857143,0.0,0,0,0,0,0,0,0,0,0,0,0,0,0,0,0,0,0,0,0,0,0,0,0,0,0
Marzo_2015,0,40681.48387096774,64917.6129032258,19430.8064516129,0.3548387096774194,1469.967741935484,0,42793.48387096775,31608.000000000004,684.7096774193549,0,18496.612903225803,5882.064516129032,1267.645161290323,0,0.0,0,628.6451612903224,4421.612903225807,9032.93548387097,1978.8064516129034,0,0,5981.064516129032,24544.161290322583,2882.322580645161,0.0,22481.70967741936,6745.709677419354,0,0,2.419354838709677,36.16129032258065,0.0,1149.8387096774193,0,4302.0,0,0,4062.1612903225805,0,3020.5483870967746,867.4516129032257,215851.48387096776,736.4193548387096,175069.2258064516,223052.12161290317,12802.870967741937,30042.96774193548,6197.516129032258,23024.677419354834,0.0,0.06451612903225806,11727.645161290322,552.6774193548387,305.2258064516129,869.6129032258065,829.1935483870968,179.7741935483871,385.0322580645162,53.80645161290322,22.2258064516129,0.0,1507.709677419355,0.0,0,0,0,0,0,0,0,0,0,0,0,0,0,0,0,0,0,0,0,0,0,0,0,0,0
Abril_2015,0,40085.8,67596.56666666667,19686.46666666667,0.0,1120.0,0,46428.99999999999,31416.43333333333,418.06666666666666,0,20113.399999999998,2998.766666666667,1126.0,0,0.0,0,643.0,3911.3999999999996,8898.133333333335,1911.466666666667,0,0,5249.533333333334,24858.966666666664,3600.4666666666662,0.0,22548.166666666664,6634.5,0,0,1.766666666666667,36.3,0.0,1456.4666666666667,0,4160.633333333333,0,0,4465.8,0,2993.7666666666664,859.7666666666667,217619.90000000002,786.4666666666667,171324.63333333333,228500.73333333337,11737.166666666666,30346.46666666666,5840.666666666667,23792.200000000004,0.0,1.9,11390.566666666666,811.7666666666667,259.0333333333334,822.5333333333333,723.3666666666667,123.5,112.7666666666667,45.13333333333333,21.966666666666665,0.0,1417.033333333333,0.0,0,0,0,0,0,0,0,0,0,0,0,0,0,0,0,0,0,0,0,0,0,0,0,0,0
Mayo_2015,0,39901.38709677419,66230.06451612903,11146.290322580646,0.0,1239.290322580645,0,50202.83870967742,31939.90322580645,465.54838709677415,0,19960.25806451612,2977.1290322580653,1139.6451612903227,0,7780.8387096774195,0,1011.7419354838709,3779.8064516129043,8748.290322580644,1831.032258064516,0,0,4584.483870967742,25955.74193548387,3770.129032258064,0.0,22346.48387096774,7012.548387096774,0,0,2.67741935483871,35.64516129032258,0.0,1520.0,0,3851.451612903226,0,0,4729.903225806451,0,2840.5161290322576,756.2903225806452,223999.83870967742,922.7741935483871,167598.41935483873,223751.96774193543,10364.580645161292,29356.25806451613,5686.000000000001,24364.290322580648,0.0,0.0,10554.612903225807,626.3548387096774,244.6774193548387,1037.6774193548388,631.258064516129,138.0,352.8709677419355,55.67741935483871,22.51612903225806,0.0,1388.677419354839,63.64516129032258,0,0,0,0,0,0,0,0,0,0,0,0,0,0,0,0,0,0,0,0,0,0,0,0,0
Junio_2015,0,39956.8,57414.23333333332,10571.5,0.0,1237.2,0,51152.666666666664,30815.13333333333,817.1666666666666,0,20429.43333333333,2982.2333333333336,1226.8999999999996,0,7287.0,0,1716.9,3884.633333333333,8507.933333333334,1787.2666666666664,0,0,3812.166666666667,26692.4,3746.966666666667,0.0,20597.233333333334,7477.000000000001,0,0,2.333333333333333,35.96666666666667,0.0,1650.4333333333334,0,3631.5,0,0,4194.8,0,2749.0333333333338,760.7,220499.40000000002,1026.1000000000001,172345.63333333336,220011.33333333334,10216.533333333333,28898.06666666667,5619.733333333334,24537.833333333336,0.0,0.0,6984.6,598.1666666666666,237.1333333333333,1120.1666666666672,518.4,139.6333333333333,255.8333333333333,48.3,21.999999999999996,59.2,1232.466666666667,0.0,0,0,0,0,0,0,0,0,0,0,0,0,0,0,0,0,0,0,0,0,0,0,0,0,0
Julio_2015,0,41072.58064516128,914.0322580645161,11925.935483870968,0.0,1153.225806451613,0,47729.451612903234,27730.645161290326,874.0,0,20789.483870967742,2843.58064516129,1197.1290322580644,0,6690.0,0,1314.741935483871,4735.774193548386,7925.516129032258,1771.8709677419354,0,0,4540.322580645161,26390.06451612903,4020.7096774193556,0.0,21010.483870967742,7267.161290322581,0,0,1.967741935483871,35.51612903225806,0.0,1816.4516129032254,0,4002.903225806452,0,0,4071.677419354839,0,2612.1612903225814,772.2258064516129,176362.0,1279.7741935483868,214885.96774193548,220967.5161290323,9649.967741935485,29222.129032258064,5337.806451612904,24004.645161290322,0.0,0.5806451612903226,6662.709677419355,401.0645161290323,231.9354838709677,1225.548387096774,492.6129032258065,130.9354838709677,0.0,42.51612903225806,21.29032258064516,44.90322580645162,1245.41935483871,64.48387096774194,0,0,0,0,0,0,0,0,0,0,0,0,0,0,0,0,0,0,0,0,0,0,0,0,0
Agosto_2015,0,40109.225806451606,17478.935483870966,12924.129032258063,0.0,1025.6129032258061,0,52943.870967741925,28951.967741935485,876.258064516129,0,21907.548387096776,2656.0000000000005,1117.4193548387098,0,6374.870967741936,0,1777.483870967742,4971.451612903225,7679.5483870967755,1705.0967741935485,0,0,10760.612903225807,26796.64516129033,4244.0,0.0,21007.774193548386,7215.516129032258,0,0,1.516129032258065,35.93548387096774,0.0,1926.3870967741937,0,4237.322580645161,0,0,4354.451612903225,0,2350.5161290322585,774.1935483870967,174433.51612903224,1203.7741935483868,211269.45161290324,223461.61290322582,9031.32258064516,29191.870967741932,5085.354838709678,23622.645161290322,0.0,0.0,0.0,337.6774193548387,249.8709677419355,1386.0967741935483,552.9032258064516,109.5806451612903,0.0,58.25806451612903,22.58064516129032,91.74193548387096,1252.161290322581,206.4516129032258,0,0,0,0,0,0,0,0,0,0,0,0,0,0,0,0,0,0,0,0,0,0,0,0,0
Septiembre_2015,0,40568.166666666664,60950.63333333333,12224.266666666666,0.0,993.3666666666667,0,52646.76666666666,28078.799999999996,885.7333333333333,0,21895.066666666662,2514.0,895.7666666666667,0,5799.966666666666,0,197.2,3981.133333333333,7535.133333333333,1654.4666666666667,0,0,10102.033333333333,26718.033333333333,4064.3,0.0,21162.26666666667,7080.200000000001,0,0,1.633333333333333,36.36666666666667,0.0,2176.066666666666,0,4480.366666666667,0,0,4648.7,0,2536.033333333333,779.6999999999999,172164.56666666668,999.1999999999999,214588.33333333328,227234.60000000003,8494.133333333331,28026.833333333336,5010.066666666668,23244.56666666667,0.0,0.0,0.0,439.8333333333333,251.4,1369.0,468.6666666666667,108.7,0.0,54.06666666666667,22.46666666666667,93.16666666666667,1121.466666666667,225.8666666666667,0,0,0,0,0,0,0,0,0,0,0,0,0,0,0,0,0,0,0,0,0,0,0,0,0
Octubre_2015,0,40014.354838709674,64880.93548387097,11814.612903225809,4.548387096774194,1013.258064516129,0,52433.032258064515,26362.870967741936,894.8387096774194,0,22675.41935483871,2455.0322580645166,846.1290322580645,0,4784.709677419354,0,198.9677419354839,3530.6451612903224,7277.967741935484,1631.3548387096773,0,0,9047.806451612903,30036.19354838709,3937.9677419354834,0.0,21248.29032258064,7054.161290322581,0,0,1.967741935483871,34.80645161290322,1.741935483870968,2180.5483870967746,0,4264.903225806452,0,0,4228.548387096775,0,2494.6774193548385,811.1612903225807,168052.03225806452,1110.516129032258,215584.1612903226,226283.54838709673,8248.83870967742,27584.483870967742,4859.74193548387,22823.96774193548,0.0,0.0,0.0,404.6451612903226,251.2258064516129,1384.0967741935488,455.8387096774193,110.1290322580645,0.0,30.41935483870968,20.677419354838708,67.0,1048.58064516129,160.7741935483871,0,0,0,0,0,0,0,0,0,0,0,0,0,0,0,0,0,0,0,0,0,0,0,0,0
Noviembre_2015,0,39877.76666666668,50919.53333333334,11596.099999999999,47.43333333333333,861.4666666666667,0,52148.100000000006,24462.3,687.6333333333333,0,25818.83333333334,2571.7666666666664,1077.2,0,3229.5,0,1628.5,3080.2000000000003,6792.866666666666,1061.1,0,0,8953.333333333332,33585.566666666666,4369.733333333334,0.0,21293.166666666668,6945.4333333333325,0,0,1.4,34.5,0.0,2424.833333333333,0,4052.3,0,0,4346.366666666667,0,2479.1000000000004,773.2666666666667,167524.3333333333,930.6666666666666,216187.86666666667,222750.1666666667,8496.3,27758.399999999998,4671.633333333333,22524.333333333332,0.0,0.0,0.0,294.1333333333333,251.1666666666667,1502.3333333333337,433.5666666666667,107.7,0.0,49.8,23.13333333333333,92.3,971.7333333333333,0.0,0,0,0,0,0,0,0,0,0,0,0,0,0,0,0,0,0,0,0,0,0,0,0,0,0
Diciembre_2015,0,38306.0,62644.193548387106,10273.645161290324,53.93548387096774,959.5806451612904,0,53686.51612903226,23972.77419354839,783.9677419354839,0,25396.096774193546,2535.7741935483873,1051.1612903225807,0,2643.161290322581,0,2188.9032258064517,2539.516129032258,6875.064516129032,1084.6774193548388,0,0,9795.258064516129,33764.06451612903,4211.870967741936,0.0,20815.93548387097,6875.032258064517,0,0,0.7419354838709677,34.45161290322581,0.0,2146.645161290323,0,3792.58064516129,0,0,4290.741935483871,0,2491.4838709677415,826.9677419354839,167374.87096774194,1026.0967741935483,218825.54838709676,221628.09677419357,8457.709677419352,27548.74193548387,4591.677419354839,22040.548387096773,0.0,0.0,0.0,180.0,250.4193548387097,1547.1612903225805,0.0,103.1935483870968,0.0,43.61290322580645,23.5483870967742,100.9032258064516,957.3548387096774,0.0,0,0,0,0,0,0,0,0,0,0,0,0,0,0,0,0,0,0,0,0,0,0,0,0,0
Enero_2016,0,36718.48387096774,60955.12903225807,11800.451612903227,0,804.7741935483871,0,54251.225806451606,23515.290322580648,836.6129032258065,0.0,24049.258064516132,2108.258064516129,1013.8387096774193,0,2923.193548387097,219750.51612903224,2069.1612903225805,2642.258064516129,6937.580645161292,1064.9354838709678,0.0,0.0,7526.419354838708,32827.29032258065,4119.064516129033,0,21123.74193548387,6847.1612903225805,0,0,3.225806451612903,34.54838709677419,0.0,2247.064516129032,0,3568.516129032258,0,0,3756.3870967741937,0,2537.7096774193546,957.516129032258,167121.41935483873,1272.9032258064512,219972.19354838712,36.54838709677419,7427.90322580645,27716.48387096775,0,22035.419354838712,0,0,0,0,313.9032258064516,1569.838709677419,0,66.29032258064517,0,42.83870967741935,21.0,41.25806451612903,1099.032258064516,0,0,0,0,0,0,0,0,0,0,0,0,0,0,0,0,0,0,0,0,0,0,0,0,0,0
Febrero_2016,0,37095.51724137931,57118.99999999999,11582.379310344826,0,803.6206896551724,0,52611.48275862069,23099.724137931036,805.103448275862,0.0,23921.379310344826,1492.5172413793105,981.3793103448277,0,2270.068965517242,205085.93103448272,1771.448275862069,2308.275862068966,6477.862068965517,1052.6206896551723,0.0,0.0,6858.2758620689665,31661.551724137935,4006.137931034483,0,21497.344827586207,6850.655172413793,0,0,2.793103448275862,28.0,0.0,2065.9310344827586,0,3330.103448275862,0,0,2532.8275862068967,0,2432.448275862069,835.9310344827586,163938.06896551725,1017.6206896551723,221817.0,24.37931034482759,7010.55172413793,26495.58620689655,0,21016.448275862072,0,0,0,0,312.448275862069,1506.9999999999998,0,67.93103448275862,0,38.20689655172414,8.172413793103448,0.0,1118.51724137931,0,0,0,0,0,0,0,0,0,0,0,0,0,0,0,0,0,0,0,0,0,0,0,0,0,0
Marzo_2016,0,36047.806451612894,55810.967741935485,11297.064516129034,0,843.6774193548388,0,52123.19354838709,22531.516129032258,821.7096774193549,5.548387096774194,9388.064516129032,1388.6129032258066,978.2903225806451,0,1932.3870967741937,202672.3870967742,1680.9354838709678,1994.032258064516,6420.967741935485,1009.9032258064516,0.0,0.0,8730.806451612903,31759.129032258068,4512.322580645162,0,21180.677419354837,6612.903225806452,0,0,1.612903225806452,20.70967741935484,0.0,1913.8709677419358,0,3209.516129032258,0,0,137.29032258064518,0,2378.9032258064517,0.0,154692.87096774194,1122.4838709677415,218001.64516129033,22.25806451612903,6529.129032258064,25848.8064516129,0,20790.93548387097,0,0,0,0,280.1612903225807,1435.064516129032,0,87.41935483870968,0,38.54838709677419,0.06451612903225806,0.0,955.9677419354839,0,0,0,0,0,0,0,0,0,0,0,0,0,0,0,0,0,0,0,0,0,0,0,0,0,0
Abril_2016,0,35578.333333333336,55205.23333333333,13085.533333333335,0,876.0666666666666,0,52738.53333333333,22795.9,832.3333333333334,74.06666666666666,18372.899999999998,1282.5,893.6666666666666,0,1790.1333333333334,198200.56666666662,1838.1666666666667,1910.9666666666662,6580.799999999999,943.7666666666667,1416.666666666667,0.0,9020.5,30623.800000000003,4602.133333333334,0,21450.699999999993,6404.599999999999,0,0,0.6666666666666666,24.26666666666667,0.0,1681.7666666666664,0,3066.8,0,0,2470.166666666666,0,2334.2333333333336,0.0,151689.7666666667,1098.7666666666667,212653.4,20.3,6213.633333333332,24893.199999999997,0,21220.166666666664,0,0,0,0,260.6666666666667,0.0,0,0.0,0,40.5,0.0,0.0,901.2,0,0,0,0,0,0,0,0,0,0,0,0,0,0,0,0,0,0,0,0,0,0,0,0,0,0
Mayo_2016,0,34220.1935483871,54260.70967741936,12793.161290322581,0,843.1612903225806,0,52833.709677419356,23126.451612903227,839.6774193548387,64.87096774193549,22213.451612903224,1243.6774193548385,878.9354838709677,0,1843.6774193548385,195519.54838709676,3128.935483870968,1758.0645161290327,6166.5161290322585,911.1612903225806,1444.5161290322576,1019.0967741935484,8242.419354838708,30331.999999999996,10588.90322580645,0,21164.41935483871,6281.548387096775,0,0,2.709677419354839,26.32258064516129,0.0,1604.4193548387098,0,2937.967741935484,0,0,3545.0645161290317,0,2359.967741935484,0.0,149856.87096774194,0.0,209917.1935483871,45.58064516129032,0.0,23533.548387096773,0,20070.22580645161,0,0,0,0,0.0,0.0,0,0.0,0,38.87096774193548,0.0,0.0,0.0,0,0,0,0,0,0,0,0,0,0,0,0,0,0,0,0,0,0,0,0,0,0,0,0,0,0
Junio_2016,0,34210.1,53861.999999999985,11224.2,0,792.0333333333333,0,53317.50000000001,22245.8,774.5666666666667,76.7,21896.533333333336,1144.0333333333333,868.9666666666667,0,2064.0666666666666,191091.33333333337,1623.8000000000002,1764.3666666666668,5836.466666666666,891.7666666666667,1500.4666666666667,1112.2666666666667,6418.133333333333,30720.73333333333,10055.000000000002,0,20668.63333333333,6228.166666666667,0,0,2.933333333333333,26.36666666666667,0.3,1501.8000000000002,0,2792.566666666667,0,0,3432.2666666666664,0,2307.766666666667,0.0,149494.06666666665,0.0,206089.43333333335,51.6,0.0,22836.86666666667,0,19290.366666666665,0,0,0,0,0.0,0.0,0,0.0,0,37.66666666666666,0.06666666666666667,0.0,0.0,0,0,0,0,0,0,0,0,0,0,0,0,0,0,0,0,0,0,0,0,0,0,0,0,0,0
Julio_2016,0,33821.74193548387,23316.96774193548,12082.419354838708,0,462.38709677419354,0,47604.09677419355,21009.25806451613,805.6774193548388,70.6774193548387,21466.516129032254,837.0645161290322,863.3870967741934,0,2334.0967741935483,54389.0,1790.9354838709676,1843.1290322580649,5658.096774193549,878.516129032258,1487.1612903225807,1027.5483870967741,4305.1612903225805,30833.774193548386,9489.51612903226,0,19461.064516129038,6280.709677419355,0,0,2.258064516129032,25.03225806451613,0.0,1445.8064516129032,0,2692.612903225806,0,0,3343.7096774193546,0,2350.193548387097,0.0,146668.064516129,0.0,341923.25806451606,49.25806451612903,0.0,23068.032258064515,0,18835.967741935485,0,0,0,0,0.0,0.0,0,0.0,0,22.83870967741936,0.0,0.0,0.0,0,0,0,0,0,0,0,0,0,0,0,0,0,0,0,0,0,0,0,0,0,0,0,0,0,0
Agosto_2016,0,33989.35483870967,21277.548387096773,12036.967741935485,0,510.03225806451616,0,47147.709677419356,20377.516129032258,821.5806451612902,71.06451612903226,20830.61290322581,686.8387096774193,893.8387096774193,0,1977.483870967742,53080.51612903226,1669.9677419354837,1750.7419354838705,5672.806451612902,862.8064516129032,1485.290322580645,963.9677419354839,2588.709677419355,34129.48387096774,8845.548387096775,0,19455.354838709678,6160.354838709677,0,0,2.258064516129032,26.83870967741936,85.61290322580645,1384.032258064516,0,2589.677419354839,0,0,817.4193548387098,0,2365.1290322580644,0.0,146582.90322580645,0.0,336042.2258064517,37.87096774193548,0.0,22011.064516129023,0,17865.0,0,0,0,0,0.0,0.0,0,0.0,0,36.06451612903226,0.0,0.0,0.0,0,0,0,0,0,0,0,0,0,0,0,0,0,0,0,0,0,0,0,0,0,0,0,0,0,0
Septiembre_2016,0,33588.4,52689.466666666674,10583.266666666665,0,530.0666666666667,0,47380.433333333334,20572.500000000004,828.4,80.66666666666667,20414.7,931.6333333333332,813.6999999999999,0,1886.7666666666664,50806.4,1613.6666666666667,1575.333333333333,5318.400000000001,886.0666666666667,1500.4333333333334,1160.0333333333333,6869.066666666666,34972.399999999994,9384.333333333332,0,20182.133333333335,6140.200000000001,0,0,2.1,26.26666666666667,0.0,1338.7333333333333,0,2597.8,0,0,4281.466666666666,0,2353.2333333333327,0.0,144968.93333333332,0.0,330203.2666666666,138.59999999999997,0.0,23513.666666666664,0,18457.066666666666,0,0,0,0,0.0,0.0,0,0.0,0,35.93333333333333,0.0,0.0,0.0,0,0,0,0,0,0,0,0,0,0,0,0,0,0,0,0,0,0,0,0,0,0,0,0,0,0
Octubre_2016,0,32706.709677419352,51210.41935483871,11304.451612903224,0,460.51612903225805,0,47374.41935483871,20912.290322580644,783.6774193548387,71.96774193548387,18507.32258064516,1108.741935483871,842.0322580645161,0,1511.6774193548385,46708.03225806453,1380.774193548387,1495.9677419354834,5111.032258064516,879.4516129032257,1499.483870967742,1015.9354838709678,8442.290322580644,36353.45161290323,9230.870967741934,0,19097.451612903227,6248.806451612903,0,0,0.967741935483871,22.12903225806452,0.0,1357.9354838709678,0,2444.322580645161,0,0,4310.483870967742,0,2237.774193548387,0.0,146149.41935483873,0.0,322738.87096774194,713.6451612903227,0.0,23305.387096774193,0,19055.032258064515,0,0,0,0,0.0,0.0,0,0.0,0,34.64516129032258,0.0,0.0,0.0,0,0,0,0,0,0,0,0,0,0,0,0,0,0,0,0,0,0,0,0,0,0,0,0,0,0
Noviembre_2016,0,32964.46,49227.33333333333,10281.133333333333,0,479.8333333333333,0,45562.23333333333,21785.6,1063.1,63.46666666666667,19343.000000000004,1102.4666666666667,901.4666666666667,0,1436.5333333333333,49493.899999999994,1475.0333333333333,1407.0333333333333,5024.033333333334,842.8666666666667,1483.766666666667,966.7,8703.966666666667,38224.40000000001,8631.199999999999,0,21260.3,6910.4,0,0,0.6666666666666666,26.5,0.0,1337.0333333333333,0,2336.033333333333,0,0,4221.733333333334,0,2203.1333333333337,0.0,146011.66666666663,0.0,326756.6,786.3666666666667,0.0,23223.933333333334,0,19546.366666666665,0,0,0,0,0.0,0.0,0,0.0,0,21.36666666666667,0.0,0.0,0.0,0,0,0,0,0,0,0,0,0,0,0,0,0,0,0,0,0,0,0,0,0,0,0,0,0,0
Diciembre_2016,0,32520.643548387096,40998.32258064517,9382.870967741937,0,413.7096774193548,0,45839.03225806451,21066.25806451613,1404.5806451612902,70.96774193548387,20979.58064516129,1138.7741935483873,821.258064516129,0,1615.0,50599.22580645161,1719.4193548387098,1350.7741935483873,4766.483870967742,834.0,1459.0322580645156,1003.8387096774193,8398.838709677419,38193.48387096774,7957.516129032258,0,21151.54612903226,7483.064516129032,0,0,0.5483870967741935,28.58064516129032,0.0,1281.516129032258,0,2237.225806451613,0,0,4072.451612903226,0,2164.1935483870966,0.0,148181.67741935482,0.0,316240.77419354836,724.3225806451613,0.0,22502.38709677419,0,18823.0,0,0,0,0,0.0,0.0,0,0.0,0,32.45161290322581,0.0,0.0,0.0,0,0,0,0,0,0,0,0,0,0,0,0,0,0,0,0,0,0,0,0,0,0,0,0,0,0
Enero_2017,475738.15225806454,32486.870967741932,49389.161290322576,10949.483870967742,669.1935483870968,383.48387096774195,19616.77419354839,44191.54838709677,22227.129032258064,1970.4838709677424,60.83870967741935,20899.225806451614,1110.967741935484,978.516129032258,22881.03225806451,1469.032258064516,52319.67741935484,1881.6774193548383,1455.8387096774188,4830.709677419355,840.0322580645161,1491.3548387096776,1080.8387096774195,6872.354838709676,39111.70967741935,7621.4838709677415,0.0,20373.064516129038,7636.58064516129,0.0,0.0,0.1935483870967742,26.90322580645161,0.0,1535.0967741935483,0.0,2130.548387096774,0.0,0.0,4026.935483870968,33.45161290322581,2187.258064516129,0,0,0,0,0,0,0,0,0,0,0,0,0,0,0,0,0,0,0,0,0,0,0,0,0,0,0,0,0,0,0,0,0,0,0,0,0,0,0,0,0,0,0,0,0,0,0,0
Febrero_2017,474561.7142857143,32662.464285714286,50452.14285714286,9293.178571428572,609.8928571428571,372.2857142857142,18844.035714285714,45405.07142857143,23165.142857142855,2535.428571428572,52.46428571428572,21399.570999999996,1140.5714285714287,945.0,22606.250000000004,1410.7142857142858,55024.642857142855,2017.571428571429,1455.642857142857,4819.071428571428,824.4642857142858,1472.2857142857142,1050.1785714285716,6683.000000000001,40737.0,8427.285714285714,0.0,18785.821428571435,7154.0714285714275,0.0,7.714285714285714,0.1428571428571428,26.03571428571428,0.0,2063.642857142858,0.0,2038.178571428571,0.0,0.2142857142857143,4264.0,32.17857142857143,2174.785714285714,0,0,0,0,0,0,0,0,0,0,0,0,0,0,0,0,0,0,0,0,0,0,0,0,0,0,0,0,0,0,0,0,0,0,0,0,0,0,0,0,0,0,0,0,0,0,0,0
Marzo_2017,454892.06838709686,31636.677419354844,8404.741935483871,8310.064516129032,541.9677419354839,373.35483870967744,18689.935483870966,45107.51612903226,23433.451612903227,2020.7683870967749,30.51612903225806,21623.225806451617,1405.6129032258063,971.3548387096773,22520.80645161291,1452.1290322580644,55077.51612903226,1963.7096774193556,1383.9032258064515,4633.25806451613,834.6451612903226,1446.0967741935478,1121.0645161290324,6823.516129032258,44531.67741935483,8005.57870967742,0.0,19461.096774193553,7369.032258064517,0.0,7.32258064516129,0.1935483870967742,25.32258064516129,0.0,1908.5161290322578,0.0,1827.193548387097,0.0,0.2258064516129032,4345.870967741936,31.19354838709678,2098.096774193548,0,0,0,0,0,0,0,0,0,0,0,0,0,0,0,0,0,0,0,0,0,0,0,0,0,0,0,0,0,0,0,0,0,0,0,0,0,0,0,0,0,0,0,0,0,0,0,0
Abril_2017,469466.729,31213.433333333334,49794.83333333333,10841.233333333334,1204.565,191.16666666666663,17528.6,42961.63333333334,22552.300000000003,2578.5443333333337,51.96666666666667,21195.43333333333,1593.8666666666668,1053.8666666666668,22716.566666666662,1397.7,53888.7,2171.8666666666672,1273.2333333333333,4465.733333333334,807.1070000000001,1587.1333333333332,972.6666666666667,7324.533333333333,44531.76666666667,7770.4,0.0,18259.86666666667,8363.199999999999,0.0,0.0,0.1333333333333333,26.36666666666667,0.0,1852.3333333333335,0.0,1838.833333333333,0.0,0.1,4846.466666666667,29.86666666666667,2076.4000000000005,0,0,0,0,0,0,0,0,0,0,0,0,0,0,0,0,0,0,0,0,0,0,0,0,0,0,0,0,0,0,0,0,0,0,0,0,0,0,0,0,0,0,0,0,0,0,0,0
Mayo_2017,456274.8270967741,30774.387096774193,51310.25806451612,9960.741935483871,1067.302258064516,67.54838709677419,17887.76516129032,47733.161290322576,22201.354838709674,4126.349032258066,54.09677419354838,21153.28,1385.667741935484,1005.2903225806451,23759.440645161292,1367.8709677419354,51716.49548387097,2145.5674193548393,1235.8709677419356,4426.205806451613,808.5806451612904,1768.1032258064513,1072.9429032258065,7679.870967741935,44140.37064516128,7849.041612903226,28.38709677419355,19064.548387096773,9531.416129032257,0.0,28.54838709677419,1.580645161290323,32.51612903225806,259.1838709677419,1655.5161290322578,0.0,1956.451612903226,4.621290322580645,0.2712903225806452,4793.709677419355,28.29032258064516,2150.9696774193553,0,0,0,0,0,0,0,0,0,0,0,0,0,0,0,0,0,0,0,0,0,0,0,0,0,0,0,0,0,0,0,0,0,0,0,0,0,0,0,0,0,0,0,0,0,0,0,0
Junio_2017,467991.2623333334,30055.836333333336,50344.96666666667,7063.566666666667,490.73366666666675,284.1333333333333,18362.494333333336,40028.46666666667,22166.86666666667,4131.881333333333,53.00633333333334,20795.202999999998,1619.209,1000.4496666666668,24212.225,1351.4333333333332,51770.75966666667,2072.525333333334,1116.415,4366.9203333333335,794.5333333333334,1939.1016666666674,1017.6536666666667,8700.418333333333,46678.138999999996,7707.897333333334,57.2,18953.199999999997,1235.1793333333333,10027.418999999998,0.0,3.985666666666666,33.503,0.0,1610.4333333333334,49.99633333333334,1807.187,375.657,0.333,4577.266666666666,28.74966666666667,2125.0819999999994,0,0,0,0,0,0,0,0,0,0,0,0,0,0,0,0,0,0,0,0,0,0,0,0,0,0,0,0,0,0,0,0,0,0,0,0,0,0,0,0,0,0,0,0,0,0,0,0
Julio_2017,472741.43935483875,30160.326451612902,43061.967741935485,10432.064516129032,436.90193548387094,349.3283870967742,17947.214516129032,40885.29032258064,21576.53,3895.2803225806456,32.57612903225807,21288.13,1722.2254838709675,998.16,23939.322580645156,1373.1612903225807,50243.46290322581,2181.7987096774195,1102.7096774193549,4058.1232258064524,809.1890322580646,1623.2529032258067,982.1232258064515,8729.03677419355,48036.740000000005,7434.483870967742,129.1612903225806,20041.91451612903,1164.794193548387,10493.928064516127,21.84903225806452,3.18483870967742,34.13612903225807,0.0,1534.6725806451616,0.0,2140.739677419354,375.34129032258073,0.2738709677419355,2357.064516129032,28.69354838709678,2024.8903225806446,0,0,0,0,0,0,0,0,0,0,0,0,0,0,0,0,0,0,0,0,0,0,0,0,0,0,0,0,0,0,0,0,0,0,0,0,0,0,0,0,0,0,0,0,0,0,0,0
Agosto_2017,471383.5645161291,29433.322258064516,47975.6129032258,9208.903225806453,489.83580645161294,363.09,18146.299677419356,40038.032258064515,21454.426774193547,3741.81129032258,33.76129032258064,21832.1929032258,1706.3235483870967,967.68,23793.123870967742,1284.4516129032259,49489.95161290323,2390.3606451612904,1056.005806451613,3906.130322580645,942.436129032258,1955.8974193548381,935.6032258064517,7751.804838709678,47429.29322580645,7129.890967741936,334.516129032258,30197.74741935484,877.0570967741935,84.67,0.0,2.413870967741935,34.11290322580645,0.0,1443.0741935483866,8.310645161290322,2509.538064516129,374.2974193548387,0.1667741935483871,5835.188709677419,27.86387096774193,1943.2138709677417,0,0,0,0,0,0,0,0,0,0,0,0,0,0,0,0,0,0,0,0,0,0,0,0,0,0,0,0,0,0,0,0,0,0,0,0,0,0,0,0,0,0,0,0,0,0,0,0
Septiembre_2017,467672.7313333333,30145.892333333337,48427.66666666667,7679.133333333334,1462.2196666666664,422.8086666666666,17895.552000000003,38300.5,21385.626333333334,3507.272,51.71566666666667,21586.055999999993,1679.2113333333334,932.794,22807.540666666664,1216.7666666666667,49424.74,2663.904333333333,941.9186666666665,3855.099999999999,1178.6596666666667,1696.8439999999996,1029.7796666666666,8055.304333333334,48949.70366666666,6834.140666666666,297.5666666666667,30411.297666666673,886.8616666666666,193.9803333333333,0.0,2.312333333333334,35.099,0.0,1469.126666666667,0.0,2630.4236666666675,421.427,0.1583333333333333,4022.3696666666665,25.90133333333333,1998.5626666666667,0,0,0,0,0,0,0,0,0,0,0,0,0,0,0,0,0,0,0,0,0,0,0,0,0,0,0,0,0,0,0,0,0,0,0,0,0,0,0,0,0,0,0,0,0,0,0,0
Octubre_2017,469242.5025806452,29479.860645161294,46950.09677419355,10528.709677419354,1304.9506451612904,329.9354838709677,17934.724193548387,42616.83870967742,20839.461612903226,3035.286129032258,51.73806451612904,21442.605483870968,1659.1403225806453,894.7248387096774,22422.38838709678,1289.4516129032256,49821.11258064516,2370.9838709677415,924.8232258064514,3702.7567741935486,1252.5490322580645,1959.2519354838714,1161.5822580645163,9677.972903225806,51140.38419354839,6593.7625806451615,185.5161290322581,31431.103870967738,698.4480645161291,0.0,0.0,1.258064516129032,1.687096774193548,0.0,1451.751935483871,0.0,2406.785161290323,864.3203225806452,0.2403225806451613,6172.654193548387,24.54838709677419,1986.1035483870967,0,0,0,0,0,0,0,0,0,0,0,0,0,0,0,0,0,0,0,0,0,0,0,0,0,0,0,0,0,0,0,0,0,0,0,0,0,0,0,0,0,0,0,0,0,0,0,0
Noviembre_2017,466352.796,29407.359,44055.6,10375.966666666667,1256.7899999999997,292.31333333333333,17931.998333333333,42214.66666666667,20876.01366666667,2626.214,48.38333333333333,17258.696999999996,1618.4476666666667,848.3779999999999,21551.63533333334,1306.3333333333333,50421.221666666665,2604.8893333333335,895.8266666666666,3501.015,1239.2546666666667,1588.3930000000003,1004.7066666666667,7502.290333333333,51285.945999999996,6396.465,298.858,32177.753999999997,654.7596666666666,0.0,0.0,1.375666666666667,0.0,941.7366666666666,1435.8916666666669,0.0,2377.907333333333,889.408,0.311,5768.269,19.917,2033.501,0,0,0,0,0,0,0,0,0,0,0,0,0,0,0,0,0,0,0,0,0,0,0,0,0,0,0,0,0,0,0,0,0,0,0,0,0,0,0,0,0,0,0,0,0,0,0,0
Diciembre_2017,471000.0003225807,29493.53258064516,45913.48064516129,7751.032258064516,1229.4287096774194,449.7383870967742,18116.94903225806,42384.032258064515,20853.861612903227,2591.263225806452,42.11870967741935,20925.915806451616,1715.1190322580646,775.7593548387096,20343.565806451614,1331.7419354838707,52277.405806451614,2577.0132258064514,995.3254838709677,3557.2087096774194,1269.6374193548388,1605.4138709677422,1028.5909677419354,9214.81806451613,54868.05032258064,6165.952580645162,258.3606451612903,34338.66258064517,730.641935483871,0.0,0.0,1.075161290322581,0.0,3072.596774193548,2248.6993548387104,0.0,2497.799354838709,731.201935483871,0.2919354838709677,6029.203225806451,10.96774193548387,1922.5867741935483,0,0,0,0,0,0,0,0,0,0,0,0,0,0,0,0,0,0,0,0,0,0,0,0,0,0,0,0,0,0,0,0,0,0,0,0,0,0,0,0,0,0,0,0,0,0,0,0
Enero_2018,464347.5964516129,29537.518387096774,46062.38709677419,8620.193548387098,1150.0583870967741,364.4116129032257,0,40972.67741935483,20734.607096774194,2487.4380645161286,46.14225806451613,19882.41483870968,1772.4432258064517,828.1583870967742,78543.0229032258,1340.483870967742,2781.8141935483873,2601.2832258064514,969.761935483871,0,1225.698064516129,1688.864193548387,0.0,8975.085161290324,55807.16193548387,0,247.1887096774194,33761.988709677426,877.7067741935483,0,0,0.9180645161290323,0,3184.664516129033,3020.968064516129,0,2215.6754838709676,761.2048387096775,1.662903225806452,5881.719677419354,0,1832.4893548387097,0,0,938.4729032258065,0,0,0,0,0.0,17388.023870967743,0,0,0,0,0,0,0,0,0,23.97096774193549,0,0,0,0,0.0,0.8293548387096774,0.0,0.0,0.0,0,0,0,0,0,0,0,0,0,0,0,0,0,0,0,0,0,0,0,0
Febrero_2018,430787.7564285715,29222.029642857142,46908.96428571429,8793.17857142857,1136.9014285714286,225.7196428571429,0,41270.32250000001,21220.140357142856,2297.3260714285716,43.91821428571428,19347.695714285717,2452.550357142857,831.5935714285713,74224.97607142857,1316.892857142857,2611.9507142857146,2581.223928571428,941.9000000000002,0,1163.2096428571429,661.7574999999999,0.0,8617.596071428572,57664.90714285714,0,228.4285714285714,32699.633214285714,827.7817857142858,0,0,0.9921428571428572,0,3207.814285714286,2873.753571428571,0,2211.913928571429,870.5332142857142,0.3,5787.105357142857,0,1970.5421428571426,0,0,906.6182142857144,0,0,0,0,93.60714285714286,17304.861071428575,0,0,0,0,0,0,0,0,0,23.25,0,0,0,0,0.0,0.8375,0.0,0.0,0.0,0,0,0,0,0,0,0,0,0,0,0,0,0,0,0,0,0,0,0,0
Marzo_2018,462249.68161290314,28969.720645161295,47094.22580645162,8705.193548387097,1559.0777419354838,303.1445161290323,0,43064.60193548387,21871.452258064517,2191.791290322581,17.74290322580645,19060.289032258064,2712.2038709677418,802.9661290322581,73763.15258064515,845.7741935483872,2563.646129032259,2563.2977419354834,902.657741935484,0,1123.532258064516,1378.752903225806,0.0,8819.804516129032,57296.5906451613,0,192.4477419354839,33589.17612903226,731.1535483870967,0,0,0.922258064516129,0,3168.879677419355,2649.4187096774194,0,2125.3148387096776,951.8167741935484,0.2158064516129032,5525.865483870968,0,1961.8029032258066,0,0,928.5541935483873,0,0,0,0,86.87096774193549,16697.52806451613,0,0,0,0,0,0,0,0,0,25.7741935483871,0,0,0,0,0.0967741935483871,0.2983870967741936,0.0,0.0,0.0,0,0,0,0,0,0,0,0,0,0,0,0,0,0,0,0,0,0,0,0
Abril_2018,466148.1810000001,29973.477333333336,47273.433333333334,9482.533333333333,1328.049,381.17400000000004,0,42741.75000000001,21718.452333333335,1483.3523333333333,0.0,18441.730333333333,3322.184333333333,819.8580000000001,75348.75133333333,1486.3666666666668,2847.1673333333338,2562.9833333333336,920.353,0,1151.4776666666667,1728.494333333333,0.0,8791.852333333334,59435.97466666666,0,174.7886666666667,33605.52866666667,744.3193333333334,0,0,0.8483333333333333,0,3192.606,2518.472333333333,0,1991.4273333333338,1009.5663333333334,0.2693333333333333,4836.051,0,1857.7076666666665,0,0,954.3886666666666,0,0,0,0,88.54066666666667,16365.331000000002,0,0,0,0,0,0,0,0,0,23.86666666666667,0,0,0,0,0.0,0.146,0.0,0.0,0.0,0,0,0,0,0,0,0,0,0,0,0,0,0,0,0,0,0,0,0,0
Mayo_2018,472020.02677419357,28135.435483870962,44982.774193548394,9352.870967741936,1181.43,407.3803225806451,0,42264.56,22253.673548387098,2123.7980645161297,0.0,18104.149032258065,3564.5441935483877,761.5645161290322,75384.17096774193,1557.8709677419358,2950.31870967742,2342.689032258065,926.6438709677419,0,1254.7348387096774,1559.911935483871,0.0,8497.289677419354,61568.5193548387,0,123.9612903225807,32736.41838709678,920.9848387096774,0,0,1.057741935483871,0,2710.644838709678,2386.768387096775,0,1848.88,1164.544193548387,0.5151612903225806,3995.689032258064,0,1864.8393548387098,0,0,1020.6112903225805,0,0,0,0,62.15612903225806,15943.53677419355,0,0,0,0,0,0,0,0,0,18.84806451612903,0,0,0,0,0.0,0.0,0.0,0.0,0.0,0,0,0,0,0,0,0,0,0,0,0,0,0,0,0,0,0,0,0,0
Junio_2018,471650.9926666666,27296.26066666666,45665.1,8318.166666666668,1155.0593333333334,430.66966666666667,0,42409.777,22508.848666666672,2027.1656666666668,0.0,17746.552333333333,2635.1676666666667,666.4290000000001,76549.651,1420.028666666667,2921.5400000000004,2627.275333333334,892.0616666666667,0,1220.624,1488.5813333333333,0.0,8759.685333333333,58875.66566666668,0,91.03966666666666,34606.83133333334,838.6846666666667,0,0,1.069666666666667,0,3193.200333333333,2310.0856666666664,0,1611.309666666667,1220.2236666666668,0.1413333333333333,4181.166,0,1864.8310000000004,0,0,943.1460000000001,0,0,0,0,81.96466666666667,15513.087666666665,0,0,0,0,0,0,0,0,0,23.766666666666666,0,0,0,0,0.0,0.0,0.0,0.0,0.0,0,0,0,0,0,0,0,0,0,0,0,0,0,0,0,0,0,0,0,0
Julio_2018,471537.23870967736,27052.88774193548,47433.64516129033,9273.274516129033,1117.0835483870967,429.8783870967742,0,40064.68580645161,21857.330322580645,1893.3787096774195,0.0,19059.015161290325,2348.6267741935485,726.7793548387097,74601.93193548387,1647.6738709677425,2893.5954838709677,2643.5716129032257,858.5883870967742,0,695.6596774193548,696.2209677419354,0.0,9454.843548387098,59717.08935483871,0,154.8945161290323,33329.62838758065,765.4574193548387,0,0,1.125483870967742,0,3184.422580645161,2240.7545161290327,0,1709.386451612903,1290.0319354838712,0.1161290322580645,3909.078709677419,0,1912.8661290322577,0,0,773.6806451612904,0,0,0,0,76.0741935483871,15000.289032258068,0,0,0,0,0,0,0,0,0,39.230000000000004,0,0,0,0,0.0,0.5283870967741935,11.64516129032258,0.0,0.0,0,0,0,0,0,0,0,0,0,0,0,0,0,0,0,0,0,0,0,0
Agosto_2018,473687.6545161291,26615.89870967742,47379.77419354839,9160.977741935485,1101.735806451613,420.5409677419354,0,38799.977419354844,20906.63096774194,1904.8038709677421,0.0,19343.00129032258,4359.241935483871,943.449677419355,74611.75870967741,1712.303548387097,2868.296129032258,2155.554838709678,852.7509677419357,0,602.9990322580645,963.7767741935485,998.0674193548388,8478.996774193549,64387.9806451613,0,231.6322580645162,34344.08483851613,751.3674193548386,0,0,1.159032258064516,0,2996.999032258065,2001.2564516129037,0,1632.941290322581,1225.7716129032258,1.455483870967742,4024.163225806451,0,1818.4258064516127,0,0,0.0,0,0,0,0,73.35967741935484,14935.81741935484,0,0,0,0,0,0,0,0,0,70.56677419354838,0,0,0,0,0.0,0.6154838709677419,114.5161290322581,0.0,0.0,0,0,0,0,0,0,0,0,0,0,0,0,0,0,0,0,0,0,0,0
Septiembre_2018,473781.67666666664,26137.529333333332,46618.333333333336,10663.669999999998,1084.8466666666668,394.4283333333333,0,39575.73566666667,20973.196333333333,2187.688666666667,0.0,19860.603666666666,4974.682333333333,978.5333333333335,75062.754,1696.8936666666666,2748.421333333333,2248.623333333333,830.6296666666667,0,636.227,1396.1363333333331,993.994,7321.574333333333,63979.37666666666,0,212.2,34715.91599999999,719.6700000000001,0,0,1.100333333333333,0,3196.894666666667,1991.938,0,1607.473333333333,1268.8876666666667,0.1003333333333333,4011.301666666666,0,1821.1386666666667,0,0,0.0,0,0,0,0,70.00033333333334,14824.341333333334,0,0,0,0,0,0,0,0,0,55.766666666666666,0,0,0,0,0.0,0.0,66.346,0.0,0.0,0,0,0,0,0,0,0,0,0,0,0,0,0,0,0,0,0,0,0,0
Octubre_2018,480190.28516129026,26071.386774193546,46377.93548387097,13631.778709677421,1036.86,407.42096774193556,0,39428.52774193548,20959.781935483872,2551.361612903226,0.0,19682.83225806451,5285.752258064517,911.6435483870966,75570.31612903226,1751.2693548387094,2713.803225806452,2119.8058064516135,0.0,0,804.8954838709677,1587.8361290322582,980.96,8248.414193548386,63258.47774193547,0,180.6774193548387,34687.92548387097,753.3061290322579,0,0,0.4909677419354839,0,3082.378709677419,1992.3893548387102,0,1507.759032258065,1242.3509677419356,0.05258064516129032,3876.91870967742,0,1788.4145161290317,0,0,0.0,0,0,0,0,72.07516129032258,14679.935161290323,0,0,0,0,0,0,0,0,0,47.50677419354839,0,0,0,0,0.0,0.0,438.9061290322581,932.0974193548387,0.08387096774193549,0,0,0,0,0,0,0,0,0,0,0,0,0,0,0,0,0,0,0,0
Noviembre_2018,481428.49033333326,26266.18466666667,46324.70000000001,12396.698333333334,1123.3319999999999,373.57866666666666,0,36390.565,20754.912333333334,2799.9126666666666,0.0,19535.071,5876.521,939.5913333333333,77885.39533333333,1826.6740000000002,2660.978,1672.4203333333335,0.0,0,822.034,1549.1280000000002,975.1179999999999,8098.487,67083.02433333333,0,153.3,36315.053666666674,724.1536666666667,0,0,0.5876666666666667,0,3138.809,2016.4086666666667,0,1429.514,1205.7926666666667,0.1106666666666667,3718.443,0,1810.5586666666666,0,0,0.0,0,0,0,0,72.69533333333334,14195.018,0,0,0,0,0,0,0,0,0,35.355999999999995,0,0,0,0,0.0,0.0,365.6666666666667,1298.8769999999997,0.0,0,0,0,0,0,0,0,0,0,0,0,0,0,0,0,0,0,0,0,0
Diciembre_2018,485203.1274193548,26569.208064516133,48581.74193548388,9596.307741935485,1424.8232258064515,382.2732258064517,0,38524.44419354839,20256.105483870964,2678.974193548387,0.0,19797.264838709678,6217.042258064516,856.5590322580646,78685.24096774192,969.2777419354838,2609.563225806451,1641.1316129032255,0.0,0,591.2087096774194,1422.7206451612903,921.231935483871,7444.652258064516,68289.50451612905,0,140.6451612903226,36817.05806129032,73.28870967741935,0,0,0.3490322580645162,0,3545.4374193548383,1836.7296774193546,0,1353.034516129032,1227.48064516129,0.02290322580645161,3272.02870967742,0,1902.0916129032257,0,0,0.0,0,0,0,0,59.14032258064516,14118.089677419355,0,0,0,0,0,0,0,0,0,29.686451612903227,0,0,0,0,0.0,0.0,394.3935483870968,1954.7248387096774,1.685483870967742,0,0,0,0,0,0,0,0,0,0,0,0,0,0,0,0,0,0,0,0
Enero_2019,481671.4599999999,26400.199999999997,50030.59,12164.51,1562.3600000000001,333.28999999999996,0,37703.3,20190.26,2671.03,0,19638.88,6282.100000000001,720.23,83726.09000000001,1306.91,2548.5600000000004,1584.75,0,0,556.1500000000001,1278.9700000000003,920.03,6975.13,69556.26000000001,0,136.39,37088.22,0,0,0,0.24,0,7558.800000000001,2177.51,0,1378.1999999999998,1288.87,0.19,2987.43,0,1854.95,0,0,0,0,0,0,0,65.21,14496.47,0,0,0,0,0,0,0,0,0,31.83,0,0,0,0,0,0,388.92,1698.5600000000002,0,0.0,0.0,0.0,0.0,0,0,0,0,0,0,0,0,0,0,0,0,0,0,0,0
Febrero_2019,480734.7800000001,26530.530000000002,51590.57,12989.61,1611.78,343.9,0,36862.04,19377.399999999998,2844.04,0,19245.12,6043.049999999999,794.11,80548.73000000001,2000.9,2568.9300000000003,1509.0100000000002,0,0,818.61,1321.56,889.02,6852.849999999999,70507.35,0,163.71,34993.68,0,0,0,0.24,0,4160.93,2325.0699999999997,0,1249.69,1365.76,0.44,2946.6,0,1853.5600000000002,0,0,0,0,0,0,0,65.69,15795.81,0,0,0,0,0,0,0,0,0,25.34,0,0,0,0,0,0,459.94,1299.0900000000001,0,0.0,0.0,0.0,0.0,0,0,0,0,0,0,0,0,0,0,0,0,0,0,0,0
Marzo_2019,477360.82999999996,25323.63,53337.520000000004,11938.789999999999,1641.9699999999998,322.33,0,35868.56,18971.66,3094.09,0,19451.910000000003,5848.3,784.1,78782.25,1432.29,2653.08,1387.52,0,0,783.03,1350.75,858.19,7075.19,68868.42,0,170.84,35010.600000000006,0,0,0,0.23,0,4755.51,2892.89,0,1239.75,1395.78,0.8,3144.84,0,1893.03,0,0,0,0,0,0,0,65.82,14895.600000000002,0,0,0,0,0,0,0,0,0,34.03,0,0,0,0,0,0,395.15,1846.86,0,0.0,0.0,0.0,0.0,0,0,0,0,0,0,0,0,0,0,0,0,0,0,0,0
Abril_2019,475783.6000000001,25707.480000000003,53115.22,13588.400000000001,1626.79,317.72,0,36853.1,19161.08,3784.31,0,19465.08,5885.67,737.34,79440.01999999999,2043.66,2942.3900000000003,1312.39,0,0,779.15,1388.1299999999999,958.99,7045.709999999999,69504.87999999999,0,158.0,34207.869999999995,0,0,0,0.19,0,6802.549999999999,3165.25,0,1318.32,1487.51,0.35,4019.7,0,1880.65,0,0,0,0,0,0,0,63.82,14362.140000000001,0,0,0,0,0,0,0,0,0,35.589999999999996,0,0,0,0,0,0,380.08,1688.3,0,0.0,0.0,0.0,0.0,0,0,0,0,0,0,0,0,0,0,0,0,0,0,0,0
Mayo_2019,478635.43,25702.31,51853.030000000006,14091.5,1581.2299999999998,290.01,0,36595.380000000005,18315.38,4037.2200000000003,0,19455.68,6326.83,690.19,81574.907,2073.0499999999997,2791.7100000000005,1153.62,0,0,765.4100000000001,1317.79,976.27,7202.379999999999,70330.97,0,154.58,32351.94,0,0,0,0.22,0,7832.0599999999995,3080.7200000000003,0,1304.67,1467.72,0.14,4131.73,0,2062.94,0,0,0,0,0,0,0,62.79,13796.630000000001,0,0,0,0,0,0,0,0,0,19.799999999999997,0,0,0,0,0,0,389.81,2012.12,0,70.94,0.0,19.47,0.0,0,0,0,0,0,0,0,0,0,0,0,0,0,0,0,0
Junio_2019,481050.47000000003,25063.480000000003,53934.59,14953.612000000001,1525.42,298.51,0,35829.58,18712.13,3811.72,0,19594.016666666663,6343.299999999999,732.9699999999999,82145.27,1664.89,2646.8999999999996,1088.44,0,0,713.65,1209.74,939.0500000000001,4848.0,69501.59999999999,0,143.33,29186.059999999998,0,0,0,0.23,0,7641.349999999999,3226.2400000000002,0,1226.97,1503.33,0.24,4362.86,0,1947.96,0,0,0,0,0,0,0,60.11,13247.42,0,0,0,0,0,0,0,0,0,26.240000000000002,0,0,0,0,0,0,332.72,1838.9700000000003,0,369.8,0.0,466.2726666666667,0.0,0,0,0,0,0,0,0,0,0,0,0,0,0,0,0,0
Julio_2019,474514.55,24710.6,39469.3,14852.284193548387,1532.62,287.94,0,35292.66,19029.500000000004,2864.0699999999997,0,19356.219999999998,5542.119999999999,786.51,81130.73,2190.3599999999997,2534.46,1091.58,0,0,714.3699999999999,1123.99,907.42,7276.82,68808.12000000001,0,141.97,29425.530000000002,0,0,0,0.25,0,7754.03,3234.57,0,1094.8700000000001,1504.68,0.24,4057.49,0,1932.5500000000002,0,0,0,0,0,0,0,63.91,12830.75,0,0,0,0,0,0,0,0,0,51.55,0,0,0,0,0,0,309.9,1722.5300000000002,0,211.83,0.0,397.01,0.0,0,0,0,0,0,0,0,0,0,0,0,0,0,0,0,0
Agosto_2019,473986.41000000003,25256.75,53299.12,15727.97,1394.49,274.56,0,34950.01,18987.460000000003,3461.5599999999995,0,19614.02,6059.009999999999,744.56,81441.68,1580.8199999999997,2472.9,1070.6,0,0,697.32,1275.08,717.28,6405.969999999999,69154.42000000001,0,131.45,29555.2,0,0,0,0.28,0,7768.54,3094.46,0,1021.97,1512.86,0.1,3826.49,0,1819.06,0,0,0,0,0,0,0,57.15,12702.09,0,0,0,0,0,0,0,0,0,50.559999999999995,0,0,0,0,0,0,334.87,1671.0800000000002,0,227.36,0.0,368.79,149.28,0,0,0,0,0,0,0,0,0,0,0,0,0,0,0,0
Septiembre_2019,473069.9600000001,24735.260000000002,49685.090000000004,17280.86,1297.2700000000002,249.38,0,33743.54,18688.67,3196.83,0,19835.039999999997,6290.2,722.07,82217.06999999999,1032.67,2392.14,1040.68,0,0,676.8,1287.08,817.74,6715.0,69843.27000000002,0,128.27,29012.870000000003,0,0,0,0.27,0,7859.59,3163.3,0,1025.21,1422.76,0.1,4503.47,0,1839.1999999999998,0,0,0,0,0,0,0,53.47,12765.63,0,0,0,0,0,0,0,0,0,83.97,0,0,0,0,0,0,320.37,1648.1399999999999,0,192.98,0.0,371.72,289.48,0,0,0,0,0,0,0,0,0,0,0,0,0,0,0,0
Octubre_2019,477012.18,24495.25,53165.869999999995,17094.74,1434.62,263.09000000000003,0,32515.64,18540.45,3002.99,0,19293.5,6221.02,635.96,80259.73,1007.66,2436.39,1031.89,0,0,704.8699999999999,1358.1200000000001,776.24,7345.360000000001,71616.02,0,123.26,27957.97,0,0,0,0.3,0,7756.49,3099.48,0,989.31,1429.19,0.1,4168.31,0,1762.9899999999998,0,0,0,0,0,0,0,53.97,12412.070000000002,0,0,0,0,0,0,0,0,0,145.57,0,0,0,0,0,0,315.49,1647.8700000000001,0,7.61,0.0,457.36,209.86,0,0,0,0,0,0,0,0,0,0,0,0,0,0,0,0
Noviembre_2019,477142.97000000003,24006.49,51989.520000000004,15312.68,1405.56,247.14,0,32497.8,17955.81,2916.7199999999993,0,19555.710000000003,6267.11,633.0,77277.92,940.56,2408.26,1028.3,0,0,720.5899999999999,1362.96,792.8199999999999,7409.0,75277.2,0,120.43,28976.65,0,0,0,0.28,0,8068.370000000001,3210.91,0,939.63,1464.3100000000002,0.28,3922.68,0,1722.6599999999999,0,0,0,0,0,0,0,57.68,12086.82,0,0,0,0,0,0,0,0,0,126.89,0,0,0,0,0,0,260.08,1480.4400000000003,0,33.07,56.620000000000005,433.83,161.05,0,0,0,0,0,0,0,0,0,0,0,0,0,0,0,0
Diciembre_2019,484942.87,23727.960000000003,51804.71000000001,13666.18,1405.91,230.98,0,31629.8,17983.190000000002,2646.29,0,19972.4,6228.24,623.84,74556.95,1956.79,2343.21,1023.26,0,0,704.2,1213.1,804.78,7847.0,72374.57999999999,0,120.9,29819.32,0,0,0,0.28,0,8122.910000000001,3816.6,0,893.31,1494.52,0.06,3577.21,0,1730.5099999999998,0,0,0,0,0,0,0,55.63,12367.79,0,0,0,0,0,0,0,0,0,126.28,0,0,0,0,0,0,258.54,1332.67,0,50.81,222.75,415.38,130.6,0,0,0,0,0,0,0,0,0,0,0,0,0,0,0,0
Enero_2020,490707.3,23461.35,50726.12000000001,13211.23,1362.5,228.35,0,30148.75,18474.200000000004,2462.83,0,20357.839999999997,6738.059999999999,613.73,75689.18000000001,2660.1,2304.7400000000002,972.37,0,0,612.85,1174.22,782.84,7526.580000000001,70603.0,0,86.61,28658.22,0,0,0,0.27,0,8067.77,3705.1899999999996,0,867.51,1572.8400000000001,0.33,3521.6,0,1756.8000000000002,0,0,0,0,0,0,0,51.39,12139.449999999999,0,0,0,0,0,0,0,0,0,107.0,0,0,0,0,0,0,276.83,1292.8100000000002,0,273.38,211.19,397.8,109.44,0,0,0,0,0,0,0,0,0,0,0,0,0,0,0,0
Febrero_2020,485621.39,23747.04,49675.34,16983.399999999998,1294.3799999999999,217.01,0,30177.34,19107.979999999996,2375.31,0,20648.369999999995,6346.05,576.52,73996.35,2516.7,2278.58,973.3800000000001,0,0,684.65,1178.0900000000001,776.74,4504.37,72301.93000000001,0,80.79,28156.0,0,0,0,0.25,0,7587.85,4287.83,0,838.25,1555.22,0.0,3494.76,0,1786.3,0,0,0,0,0,0,0,42.31,11943.23,0,0,0,0,0,0,0,0,0,94.91,0,0,0,0,0,0,279.94,1213.8,0,171.19,385.15,384.51,106.09,0,0,0,0,0,0,0,0,0,0,0,0,0,0,0,0
Marzo_2020,507815.55,23599.809999999998,49892.19,17148.58,1069.7600000000002,235.62,0,0.0,19249.289999999997,1951.0,0,21554.789999999997,4239.58,584.56,71112.28,1995.14,2341.75,987.96,0,0,688.9,1105.91,780.44,597.56,71528.43000000001,0,29.13,25012.74,0,0,0,0.24,0,7816.530000000001,4222.58,0,412.68,1463.89,0.15,3369.29,0,1732.3799999999999,0,0,0,0,0,0,0,29.71,12060.679999999998,0,0,0,0,0,0,0,0,0,89.67999999999999,0,0,0,0,0,0,226.92,865.51,0,142.32,674.8,375.1,109.41,0,0,0,0,0,0,0,0,0,0,0,0,0,0,0,0
Abril_2020,476487.17000000004,23367.54,47522.24,15382.93,554.03,224.26000000000002,0,0.0,18578.75,1766.62,0,21046.97,3619.6,593.35,64557.40000000001,1634.3700000000001,2366.1800000000003,937.64,0,0,261.88,979.3699999999999,748.53,470.04,65044.33,0,0.0,21037.42,0,0,0,0.24,0,7678.65,3837.6600000000003,0,0.0,1463.51,0.0,2083.64,0,1681.98,0,0,0,0,0,0,0,37.23,10794.33,0,0,0,0,0,0,0,0,0,92.65,0,0,0,0,0,0,0.0,176.62,0,126.04,622.88,300.38,87.56,0,0,0,0,0,0,0,0,0,0,0,0,0,0,0,0
Mayo_2020,453808.64999999997,23370.019999999997,51999.93,7464.1900000000005,540.22,214.76000000000002,0,0.0,17786.59,865.84,0,19133.660000000003,3726.63,575.98,50293.31,238.27,2328.2699999999995,787.01,0,0,92.47,808.16,775.3299999999999,0.0,52458.990000000005,0,0.0,19767.059999999998,0,0,0,0.32,0,7232.200000000001,621.12,0,0.0,1434.29,0.0,2595.67,0,1668.84,0,0,0,0,0,0,0,16.19,10555.1,0,0,0,0,0,0,0,0,0,89.18,0,0,0,0,0,0,0.0,321.56,0,105.43,600.91,0.0,0.0,0,0,0,0,0,0,0,0,0,0,0,0,0,0,0,0
Junio_2020,448918.69,22308.97,53712.75,8672.53,531.72,149.71,0,0.0,17721.5,1391.25,0,18644.47,3794.88,313.08000000000004,49613.03,388.28,2334.0299999999997,748.74,0,0,255.89999999999998,902.52,792.53,0.0,56615.520000000004,0,0.0,17995.280000000002,0,0,0,0.3,0,6788.3,0.0,0,0.0,1423.1599999999999,0.0,2755.69,0,1620.77,0,0,0,0,0,0,0,0.0,10259.83,0,0,0,0,0,0,0,0,0,85.61000000000001,0,0,0,0,0,0,0.0,314.0,0,168.37,593.5,18.31,71.92,0,0,0,0,0,0,0,0,0,0,0,0,0,0,0,0
Julio_2020,449600.37,21762.99,53633.28,10949.260000000002,514.7,174.82999999999998,0,0.0,17175.17,2073.73,0,18135.239999999998,3755.9799999999996,261.09000000000003,52980.90999999999,424.6,2251.41,755.56,0,0,412.34,844.33,763.8499999999999,0.0,59257.48,0,0.0,16259.18,0,0,0,0.32,0,6451.3099999999995,0.0,0,0.0,1354.69,0.0,2613.63,0,1599.83,0,0,0,0,0,0,0,0.35,10065.189999999999,0,0,0,0,0,0,0,0,0,81.73,0,0,0,0,0,0,14.23,32.73,0,131.26,517.91,13.5,123.61,0,0,0,0,0,0,0,0,0,0,0,0,0,0,0,0
Agosto_2020,450184.12,21683.51,52702.92,11884.99,513.44,147.18,0,0.0,17134.08,2302.95,0,17613.429999999997,4088.0699999999997,263.46,56125.590000000004,1161.1100000000001,2210.6600000000003,1186.72,0,0,633.1899999999999,863.46,781.44,3.58,60721.619999999995,0,0.0,18437.519999999997,0,0,0,0.33,0,6800.530000000001,55.48,0,0.0,1328.01,0.0,774.89,0,1538.31,0,0,0,0,0,0,0,39.94,10047.95,0,0,0,0,0,0,0,0,0,78.77,0,0,0,0,0,0,4.39,272.06,0,127.24,261.64,15.06,103.07,0,0,0,0,0,0,0,0,0,0,0,0,0,0,0,0
Septiembre_2020,0.0,0.0,0.0,0.0,0.0,0.0,0,0.0,0.0,0.0,0,0.0,0.0,0.0,0.0,0.0,0.0,0.0,0,0,0.0,0.0,0.0,0.0,0.0,0,0.0,0.0,0,0,0,0.0,0,0.0,0.0,0,0.0,0.0,0.0,0.0,0,0.0,0,0,0,0,0,0,0,0.0,0.0,0,0,0,0,0,0,0,0,0,0.0,0,0,0,0,0,0,0.0,0.0,0,0.0,0.0,0.0,0.0,0,0,0,0,0,0,0,0,0,0,0,0,0,0,0,0
Octubre_2020,0.0,0.0,0.0,0.0,0.0,0.0,0,0.0,0.0,0.0,0,0.0,0.0,0.0,0.0,0.0,0.0,0.0,0,0,0.0,0.0,0.0,0.0,0.0,0,0.0,0.0,0,0,0,0.0,0,0.0,0.0,0,0.0,0.0,0.0,0.0,0,0.0,0,0,0,0,0,0,0,0.0,0.0,0,0,0,0,0,0,0,0,0,0.0,0,0,0,0,0,0,0.0,0.0,0,0.0,0.0,0.0,0.0,0,0,0,0,0,0,0,0,0,0,0,0,0,0,0,0
Noviembre_2020,0.0,0.0,0.0,0.0,0.0,0.0,0,0.0,0.0,0.0,0,0.0,0.0,0.0,0.0,0.0,0.0,0.0,0,0,0.0,0.0,0.0,0.0,0.0,0,0.0,0.0,0,0,0,0.0,0,0.0,0.0,0,0.0,0.0,0.0,0.0,0,0.0,0,0,0,0,0,0,0,0.0,0.0,0,0,0,0,0,0,0,0,0,0.0,0,0,0,0,0,0,0.0,0.0,0,0.0,0.0,0.0,0.0,0,0,0,0,0,0,0,0,0,0,0,0,0,0,0,0
Diciembre_2020,0.0,0.0,0.0,0.0,0.0,0.0,0,0.0,0.0,0.0,0,0.0,0.0,0.0,0.0,0.0,0.0,0.0,0,0,0.0,0.0,0.0,0.0,0.0,0,0.0,0.0,0,0,0,0.0,0,0.0,0.0,0,0.0,0.0,0.0,0.0,0,0.0,0,0,0,0,0,0,0,0.0,0.0,0,0,0,0,0,0,0,0,0,0.0,0,0,0,0,0,0,0.0,0.0,0,0.0,0.0,0.0,0.0,0,0,0,0,0,0,0,0,0,0,0,0,0,0,0,0
